[{"model": "contenttypes.contenttype", "pk": 1, "fields": {"app_label": "admin", "model": "logentry"}}, {"model": "contenttypes.contenttype", "pk": 2, "fields": {"app_label": "auth", "model": "group"}}, {"model": "contenttypes.contenttype", "pk": 3, "fields": {"app_label": "auth", "model": "permission"}}, {"model": "contenttypes.contenttype", "pk": 4, "fields": {"app_label": "contenttypes", "model": "contenttype"}}, {"model": "contenttypes.contenttype", "pk": 5, "fields": {"app_label": "sessions", "model": "session"}}, {"model": "contenttypes.contenttype", "pk": 6, "fields": {"app_label": "personas", "model": "cliente"}}, {"model": "contenttypes.contenttype", "pk": 7, "fields": {"app_label": "personas", "model": "empleado"}}, {"model": "contenttypes.contenttype", "pk": 8, "fields": {"app_label": "personas", "model": "duenia"}}, {"model": "contenttypes.contenttype", "pk": 9, "fields": {"app_label": "personas", "model": "persona"}}, {"model": "contenttypes.contenttype", "pk": 10, "fields": {"app_label": "personas", "model": "usuario"}}, {"model": "contenttypes.contenttype", "pk": 11, "fields": {"app_label": "personas", "model": "comision"}}, {"model": "contenttypes.contenttype", "pk": 12, "fields": {"app_label": "gestion", "model": "serviciobasico"}}, {"model": "contenttypes.contenttype", "pk": 13, "fields": {"app_label": "gestion", "model": "promocion"}}, {"model": "contenttypes.contenttype", "pk": 14, "fields": {"app_label": "gestion", "model": "sector"}}, {"model": "contenttypes.contenttype", "pk": 15, "fields": {"app_label": "gestion", "model": "insumo"}}, {"model": "contenttypes.contenttype", "pk": 16, "fields": {"app_label": "turnos", "model": "turno"}}, {"model": "contenttypes.contenttype", "pk": 17, "fields": {"app_label": "turnos", "model": "turnofijo"}}, {"model": "sessions.session", "pk": "i5jdg7n912h1b2ir99pnd1egewjdm0mg", "fields": {"session_data": "NDg3ODA0YTQ3NTc0OWMzMjVjNzI3MTUzMzEzOGM4MTQ3OTJmMWUyZTp7Il9hdXRoX3VzZXJfaWQiOiIyIiwiX2F1dGhfdXNlcl9iYWNrZW5kIjoiZGphbmdvLmNvbnRyaWIuYXV0aC5iYWNrZW5kcy5Nb2RlbEJhY2tlbmQiLCJfYXV0aF91c2VyX2hhc2giOiJiZTI4OTdlYTk1NzU5NmI5NmM5ZGNmY2RiZDlmNmY5N2QxNTBkYzdiIn0=", "expire_date": "2018-01-01T18:26:47.669"}}, {"model": "personas.cliente", "pk": 1, "fields": {"email": "matias@gmail.com"}}, {"model": "personas.cliente", "pk": 2, "fields": {"email": "diego@gmail.com"}}, {"model": "personas.cliente", "pk": 3, "fields": {"email": "marta@gmail.com"}}, {"model": "personas.cliente", "pk": 4, "fields": {"email": "ian@gmail.com"}}, {"model": "personas.cliente", "pk": 5, "fields": {"email": "maximiliano@gmail.com"}}, {"model": "personas.cliente", "pk": 6, "fields": {"email": "emiliano@gmail.com"}}, {"model": "personas.empleado", "pk": 1, "fields": {"porc_comision": 100, "sector": "Peluquer\u00eda"}}, {"model": "personas.empleado", "pk": 2, "fields": {"porc_comision": 50, "sector": "Peluquer\u00eda"}}, {"model": "personas.empleado", "pk": 3, "fields": {"porc_comision": 20, "sector": "Esteticista"}}, {"model": "personas.duenia", "pk": 1, "fields": {}}, {"model": "gestion.sector", "pk": "Esteticista", "fields": {"descripcion": "Sector de Masajes, Depilaci\u00f3n y Maquillaje."}}, {"model": "gestion.sector", "pk": "Peluquer\u00eda", "fields": {"descripcion": "Sector de Corte,Tintura,Alizado,etc."}}, {"model": "gestion.insumo", "pk": 1, "fields": {"nombre": "Tintura Pelo Negro", "marca": "Loreal", "contenidoNeto": 250, "unidadDeMedida": "Mililitros", "stock": 10}}, {"model": "gestion.insumo", "pk": 2, "fields": {"nombre": "Crema de Enjuague", "marca": "Loreal", "contenidoNeto": 200, "unidadDeMedida": "Centimetros Cubicos", "stock": 100}}, {"model": "gestion.insumo", "pk": 3, "fields": {"nombre": "Shampoo Reparador", "marca": "Pantene", "contenidoNeto": 100, "unidadDeMedida": "Mililitros", "stock": 60}}, {"model": "gestion.insumo", "pk": 4, "fields": {"nombre": "Agua Oxigenada", "marca": "AguaBell", "contenidoNeto": 5, "unidadDeMedida": "Litros", "stock": 20}}, {"model": "gestion.insumo", "pk": 5, "fields": {"nombre": "Tintura Pelo Rubio", "marca": "ALFAPARF", "contenidoNeto": 100, "unidadDeMedida": "Mililitros", "stock": 20}}, {"model": "gestion.insumo", "pk": 6, "fields": {"nombre": "Apollas", "marca": "Btx", "contenidoNeto": 30, "unidadDeMedida": "Mililitros", "stock": 15}}, {"model": "gestion.insumo", "pk": 7, "fields": {"nombre": "Alisador", "marca": "Luminescense", "contenidoNeto": 950, "unidadDeMedida": "Mililitros", "stock": 5}}, {"model": "gestion.insumo", "pk": 8, "fields": {"nombre": "Cera Capilar", "marca": "Issue", "contenidoNeto": 75, "unidadDeMedida": "Mililitros", "stock": 0}}, {"model": "gestion.insumo", "pk": 9, "fields": {"nombre": "Crema Para Peinar", "marca": "Loreal", "contenidoNeto": 350, "unidadDeMedida": "Mililitros", "stock": 50}}, {"model": "gestion.insumo", "pk": 10, "fields": {"nombre": "Botox Capilar", "marca": "Rebella", "contenidoNeto": 5, "unidadDeMedida": "Litros", "stock": 2}}, {"model": "gestion.serviciobasico", "pk": 1, "fields": {"nombre": "Corte de Pelo", "descripcion": "Corte de Pelo Unisex", "precio": 200, "sector": "Peluquer\u00eda", "duracion": 2, "insumos": []}}, {"model": "gestion.serviciobasico", "pk": 2, "fields": {"nombre": "Peinado", "descripcion": "Peinado de 15, Egreso o Casamiento", "precio": 300, "sector": "Peluquer\u00eda", "duracion": 3, "insumos": [9]}}, {"model": "gestion.serviciobasico", "pk": 3, "fields": {"nombre": "Alisado", "descripcion": "Alisado de Pelo", "precio": 400, "sector": "Peluquer\u00eda", "duracion": 3, "insumos": [7]}}, {"model": "gestion.serviciobasico", "pk": 4, "fields": {"nombre": "Permanente de Rulos", "descripcion": "Los mejores rulos", "precio": 500, "sector": "Peluquer\u00eda", "duracion": 3, "insumos": []}}, {"model": "gestion.serviciobasico", "pk": 5, "fields": {"nombre": "Mechitas", "descripcion": "El mejor color para tu pelo", "precio": 100, "sector": "Peluquer\u00eda", "duracion": 2, "insumos": [4, 5]}}, {"model": "gestion.serviciobasico", "pk": 6, "fields": {"nombre": "Tintura", "descripcion": "Decile chau a las canas", "precio": 300, "sector": "Peluquer\u00eda", "duracion": 2, "insumos": [1, 5]}}, {"model": "gestion.serviciobasico", "pk": 7, "fields": {"nombre": "Ba\u00f1o de Crema", "descripcion": "Dale vida a tu pelo", "precio": 250, "sector": "Peluquer\u00eda", "duracion": 3, "insumos": [6, 8, 10]}}, {"model": "gestion.serviciobasico", "pk": 8, "fields": {"nombre": "Lavado de Pelo", "descripcion": "Deja tu pelo brillante", "precio": 100, "sector": "Peluquer\u00eda", "duracion": 1, "insumos": [2, 3]}}, {"model": "gestion.serviciobasico", "pk": 9, "fields": {"nombre": "Depilaci\u00f3n", "descripcion": "Tu cuerpo m\u00e1s suave", "precio": 250, "sector": "Esteticista", "duracion": 1, "insumos": []}}, {"model": "gestion.serviciobasico", "pk": 10, "fields": {"nombre": "Masajes", "descripcion": "Sentite como nueva", "precio": 300, "sector": "Esteticista", "duracion": 4, "insumos": []}}, {"model": "gestion.serviciobasico", "pk": 11, "fields": {"nombre": "Mascarilla Facial", "descripcion": "El mejor cuidado para tu rostro", "precio": 200, "sector": "Esteticista", "duracion": 4, "insumos": []}}, {"model": "gestion.serviciobasico", "pk": 12, "fields": {"nombre": "Manicura", "descripcion": "Tus u\u00f1as perfectas", "precio": 50, "sector": "Esteticista", "duracion": 1, "insumos": []}}, {"model": "gestion.serviciobasico", "pk": 13, "fields": {"nombre": "Pedicura", "descripcion": "El mejor cuidado para las u\u00f1as de tus pies", "precio": 100, "sector": "Esteticista", "duracion": 1, "insumos": []}}, {"model": "gestion.serviciobasico", "pk": 14, "fields": {"nombre": "Maquillaje", "descripcion": "Tu rosto lleno de luz", "precio": 100, "sector": "Esteticista", "duracion": 2, "insumos": []}}, {"model": "gestion.serviciobasico", "pk": 15, "fields": {"nombre": "Depilaci\u00f3n el\u00e9ctrica", "descripcion": "La depilaci\u00f3n del futuro", "precio": 200, "sector": "Esteticista", "duracion": 4, "insumos": []}}, {"model": "gestion.serviciobasico", "pk": 16, "fields": {"nombre": "Tratamiento con Barro", "descripcion": "Tu cuerpo conectado con la naturaleza", "precio": 1000, "sector": "Esteticista", "duracion": 8, "insumos": []}}, {"model": "gestion.serviciobasico", "pk": 17, "fields": {"nombre": "Shock de Keratina", "descripcion": "Protecci\u00f3n para tu pelo", "precio": 800, "sector": "Peluquer\u00eda", "duracion": 4, "insumos": [10]}}, {"model": "gestion.promocion", "pk": 1, "fields": {"nombre": "Alisado permanente y nutricion", "descripcion": "Busca tu look preferido sin da\u00f1ar tu pelo", "precio": 450, "sector": "Peluquer\u00eda", "imagen": "", "alto_imagen": 0, "ancho_imagen": 0, "activa": false, "servicios": [1, 3, 7]}}, {"model": "gestion.promocion", "pk": 2, "fields": {"nombre": "Suavidad y fortaleza", "descripcion": "Tu cabello fuerte como el acero y suave como la seda", "precio": 300, "sector": "Peluquer\u00eda", "imagen": "", "alto_imagen": 0, "ancho_imagen": 0, "activa": false, "servicios": [1, 7, 8]}}, {"model": "gestion.promocion", "pk": 3, "fields": {"nombre": "Cambia tu look con Catta", "descripcion": "Queres cambiar tu look? nosotras te ayudamos !", "precio": 450, "sector": "Peluquer\u00eda", "imagen": "", "alto_imagen": 0, "ancho_imagen": 0, "activa": false, "servicios": [1, 6]}}, {"model": "gestion.promocion", "pk": 4, "fields": {"nombre": "Brillando Con Catta", "descripcion": "Prepara tu pelo para brillar como la estrella que sos.", "precio": 350, "sector": "Peluquer\u00eda", "imagen": "", "alto_imagen": 0, "ancho_imagen": 0, "activa": false, "servicios": [5, 7, 8]}}, {"model": "gestion.promocion", "pk": 5, "fields": {"nombre": "Se una estrella", "descripcion": "Que tu pelo no sea excusa, se la estrella que mas brille", "precio": 150, "sector": "Peluquer\u00eda", "imagen": "", "alto_imagen": 0, "ancho_imagen": 0, "activa": false, "servicios": [2]}}, {"model": "gestion.promocion", "pk": 6, "fields": {"nombre": "La mas hermosa", "descripcion": "Saca el brillo que hay en vos", "precio": 400, "sector": "Peluquer\u00eda", "imagen": "", "alto_imagen": 0, "ancho_imagen": 0, "activa": false, "servicios": [1, 7, 8]}}, {"model": "gestion.promocion", "pk": 7, "fields": {"nombre": " !Feliz Cumple!", "descripcion": "Festeja tu dia con Catta! Feliz cumple !!!", "precio": 500, "sector": "Peluquer\u00eda", "imagen": "", "alto_imagen": 0, "ancho_imagen": 0, "activa": false, "servicios": [1, 2, 6, 7, 8]}}, {"model": "gestion.promocion", "pk": 8, "fields": {"nombre": "Un dia diferente", "descripcion": "Un dia diferente para tu pelo", "precio": 500, "sector": "Peluquer\u00eda", "imagen": "", "alto_imagen": 0, "ancho_imagen": 0, "activa": false, "servicios": [2, 6]}}, {"model": "gestion.promocion", "pk": 9, "fields": {"nombre": "Promo Corte de Pelo", "descripcion": "Un corte de cabello al alcance tuyo", "precio": 100, "sector": "Peluquer\u00eda", "imagen": "", "alto_imagen": 0, "ancho_imagen": 0, "activa": false, "servicios": [1]}}, {"model": "gestion.promocion", "pk": 10, "fields": {"nombre": "Mi pelo es saludable", "descripcion": "Catta te brinda el mejor servicio para que tu pelo crezca sano y fuerte", "precio": 700, "sector": "Peluquer\u00eda", "imagen": "", "alto_imagen": 0, "ancho_imagen": 0, "activa": false, "servicios": [1, 7, 8]}}, {"model": "gestion.promocion", "pk": 11, "fields": {"nombre": "Luci tu cuerpo", "descripcion": "Prepara tu cuerpo para brillar mas que nunca.", "precio": 350, "sector": "Esteticista", "imagen": "", "alto_imagen": 0, "ancho_imagen": 0, "activa": false, "servicios": [9, 12, 13]}}, {"model": "gestion.promocion", "pk": 12, "fields": {"nombre": "Piel de seda ", "descripcion": "Cuida tu Rostro que lo vale.", "precio": 150, "sector": "Esteticista", "imagen": "", "alto_imagen": 0, "ancho_imagen": 0, "activa": false, "servicios": [11]}}, {"model": "gestion.promocion", "pk": 13, "fields": {"nombre": "Nutri tu piel con Catta", "descripcion": "Para una piel nutrida y sana.", "precio": 800, "sector": "Esteticista", "imagen": "", "alto_imagen": 0, "ancho_imagen": 0, "activa": false, "servicios": [16]}}, {"model": "gestion.promocion", "pk": 14, "fields": {"nombre": "Suavidad total", "descripcion": "Que toda tu piel sea suave como una seda.", "precio": 300, "sector": "Esteticista", "imagen": "", "alto_imagen": 0, "ancho_imagen": 0, "activa": false, "servicios": [9, 14]}}, {"model": "gestion.promocion", "pk": 15, "fields": {"nombre": "Billando con Catta", "descripcion": "saca la princesa que hay en vos.", "precio": 200, "sector": "Esteticista", "imagen": "", "alto_imagen": 0, "ancho_imagen": 0, "activa": false, "servicios": [11, 14]}}, {"model": "gestion.promocion", "pk": 16, "fields": {"nombre": "Descontracturate y relajate con Catta", "descripcion": "Basta de tanto estres! descontracturate y relajate con los mejores masajes de Catta", "precio": 1000, "sector": "Esteticista", "imagen": "", "alto_imagen": 0, "ancho_imagen": 0, "activa": false, "servicios": [10]}}, {"model": "gestion.promocion", "pk": 17, "fields": {"nombre": "Manos y Pies", "descripcion": "Que tus manos y pies sean los de una princesa", "precio": 100, "sector": "Esteticista", "imagen": "", "alto_imagen": 0, "ancho_imagen": 0, "activa": false, "servicios": [12, 13]}}, {"model": "gestion.promocion", "pk": 18, "fields": {"nombre": "Se una estrella con Catta", "descripcion": "Saca todo el brillo que hay en vos", "precio": 200, "sector": "Esteticista", "imagen": "", "alto_imagen": 0, "ancho_imagen": 0, "activa": false, "servicios": [12, 13, 14]}}, {"model": "gestion.promocion", "pk": 19, "fields": {"nombre": "Un dia diferente", "descripcion": "Un dia diferente, para salir de la rutina", "precio": 200, "sector": "Esteticista", "imagen": "", "alto_imagen": 0, "ancho_imagen": 0, "activa": false, "servicios": [9]}}, {"model": "gestion.promocion", "pk": 20, "fields": {"nombre": "Promo \u00a1Feliz Cumple!", "descripcion": "Catta te regala la mejor atenci\u00f3n", "precio": 1500, "sector": "Esteticista", "imagen": "", "alto_imagen": 0, "ancho_imagen": 0, "activa": true, "servicios": [9, 10, 11, 12, 13, 14, 16]}}, {"model": "gestion.promocion", "pk": 21, "fields": {"nombre": "Promo Navide\u00f1a", "descripcion": "Festej\u00e1 la Navidad con Catta", "precio": 450, "sector": "Peluquer\u00eda", "imagen": "img_promocion/a1c02e0cce0cd57613ad94cb63398c93_vH5VNjP.jpg", "alto_imagen": 500, "ancho_imagen": 375, "activa": false, "servicios": [1, 2, 6, 7, 8, 17]}}, {"model": "gestion.promocion", "pk": 22, "fields": {"nombre": "Te\u00f1ida Fantasia", "descripcion": "Tu pelo del color que siempre quisiste", "precio": 200, "sector": "Peluquer\u00eda", "imagen": "img_promocion/hayley-williams-25470-26153-hd-wallpapers_PwDw8np.jpg", "alto_imagen": 1920, "ancho_imagen": 1200, "activa": true, "servicios": [1, 2, 6, 8]}}, {"model": "gestion.promocion", "pk": 23, "fields": {"nombre": "Shock de Keratina - Promo Verano", "descripcion": "Proteg\u00e9 tu pelo este verano", "precio": 400, "sector": "Peluquer\u00eda", "imagen": "img_promocion/shock-de-keratina-D_NQ_NP_388001-MLA20263802471_032015-F_1S3VlIc.jpg", "alto_imagen": 1200, "ancho_imagen": 800, "activa": true, "servicios": [2, 8, 17]}}, {"model": "gestion.promocion", "pk": 24, "fields": {"nombre": "Estilo Pin-Up", "descripcion": "Los a\u00f1os 40, hoy", "precio": 600, "sector": "Peluquer\u00eda", "imagen": "img_promocion/maxresdefault_1_EEKBIFZ_XJNGY3O_64FzfwD.jpg", "alto_imagen": 1800, "ancho_imagen": 1200, "activa": true, "servicios": [1, 2, 6, 7, 8]}}, {"model": "auth.permission", "pk": 1, "fields": {"name": "Can add log entry", "content_type": 1, "codename": "add_logentry"}}, {"model": "auth.permission", "pk": 2, "fields": {"name": "Can change log entry", "content_type": 1, "codename": "change_logentry"}}, {"model": "auth.permission", "pk": 3, "fields": {"name": "Can delete log entry", "content_type": 1, "codename": "delete_logentry"}}, {"model": "auth.permission", "pk": 4, "fields": {"name": "Can add group", "content_type": 2, "codename": "add_group"}}, {"model": "auth.permission", "pk": 5, "fields": {"name": "Can change group", "content_type": 2, "codename": "change_group"}}, {"model": "auth.permission", "pk": 6, "fields": {"name": "Can delete group", "content_type": 2, "codename": "delete_group"}}, {"model": "auth.permission", "pk": 7, "fields": {"name": "Can add permission", "content_type": 3, "codename": "add_permission"}}, {"model": "auth.permission", "pk": 8, "fields": {"name": "Can change permission", "content_type": 3, "codename": "change_permission"}}, {"model": "auth.permission", "pk": 9, "fields": {"name": "Can delete permission", "content_type": 3, "codename": "delete_permission"}}, {"model": "auth.permission", "pk": 10, "fields": {"name": "Can add content type", "content_type": 4, "codename": "add_contenttype"}}, {"model": "auth.permission", "pk": 11, "fields": {"name": "Can change content type", "content_type": 4, "codename": "change_contenttype"}}, {"model": "auth.permission", "pk": 12, "fields": {"name": "Can delete content type", "content_type": 4, "codename": "delete_contenttype"}}, {"model": "auth.permission", "pk": 13, "fields": {"name": "Can add session", "content_type": 5, "codename": "add_session"}}, {"model": "auth.permission", "pk": 14, "fields": {"name": "Can change session", "content_type": 5, "codename": "change_session"}}, {"model": "auth.permission", "pk": 15, "fields": {"name": "Can delete session", "content_type": 5, "codename": "delete_session"}}, {"model": "auth.permission", "pk": 16, "fields": {"name": "Can add cliente", "content_type": 6, "codename": "add_cliente"}}, {"model": "auth.permission", "pk": 17, "fields": {"name": "Can change cliente", "content_type": 6, "codename": "change_cliente"}}, {"model": "auth.permission", "pk": 18, "fields": {"name": "Can delete cliente", "content_type": 6, "codename": "delete_cliente"}}, {"model": "auth.permission", "pk": 19, "fields": {"name": "Can add empleado", "content_type": 7, "codename": "add_empleado"}}, {"model": "auth.permission", "pk": 20, "fields": {"name": "Can change empleado", "content_type": 7, "codename": "change_empleado"}}, {"model": "auth.permission", "pk": 21, "fields": {"name": "Can delete empleado", "content_type": 7, "codename": "delete_empleado"}}, {"model": "auth.permission", "pk": 22, "fields": {"name": "Can add duenia", "content_type": 8, "codename": "add_duenia"}}, {"model": "auth.permission", "pk": 23, "fields": {"name": "Can change duenia", "content_type": 8, "codename": "change_duenia"}}, {"model": "auth.permission", "pk": 24, "fields": {"name": "Can delete duenia", "content_type": 8, "codename": "delete_duenia"}}, {"model": "auth.permission", "pk": 25, "fields": {"name": "Can add persona", "content_type": 9, "codename": "add_persona"}}, {"model": "auth.permission", "pk": 26, "fields": {"name": "Can change persona", "content_type": 9, "codename": "change_persona"}}, {"model": "auth.permission", "pk": 27, "fields": {"name": "Can delete persona", "content_type": 9, "codename": "delete_persona"}}, {"model": "auth.permission", "pk": 28, "fields": {"name": "Can add user", "content_type": 10, "codename": "add_usuario"}}, {"model": "auth.permission", "pk": 29, "fields": {"name": "Can change user", "content_type": 10, "codename": "change_usuario"}}, {"model": "auth.permission", "pk": 30, "fields": {"name": "Can delete user", "content_type": 10, "codename": "delete_usuario"}}, {"model": "auth.permission", "pk": 31, "fields": {"name": "Can add comision", "content_type": 11, "codename": "add_comision"}}, {"model": "auth.permission", "pk": 32, "fields": {"name": "Can change comision", "content_type": 11, "codename": "change_comision"}}, {"model": "auth.permission", "pk": 33, "fields": {"name": "Can delete comision", "content_type": 11, "codename": "delete_comision"}}, {"model": "auth.permission", "pk": 34, "fields": {"name": "Can add servicio basico", "content_type": 12, "codename": "add_serviciobasico"}}, {"model": "auth.permission", "pk": 35, "fields": {"name": "Can change servicio basico", "content_type": 12, "codename": "change_serviciobasico"}}, {"model": "auth.permission", "pk": 36, "fields": {"name": "Can delete servicio basico", "content_type": 12, "codename": "delete_serviciobasico"}}, {"model": "auth.permission", "pk": 37, "fields": {"name": "Can add promocion", "content_type": 13, "codename": "add_promocion"}}, {"model": "auth.permission", "pk": 38, "fields": {"name": "Can change promocion", "content_type": 13, "codename": "change_promocion"}}, {"model": "auth.permission", "pk": 39, "fields": {"name": "Can delete promocion", "content_type": 13, "codename": "delete_promocion"}}, {"model": "auth.permission", "pk": 40, "fields": {"name": "Can add sector", "content_type": 14, "codename": "add_sector"}}, {"model": "auth.permission", "pk": 41, "fields": {"name": "Can change sector", "content_type": 14, "codename": "change_sector"}}, {"model": "auth.permission", "pk": 42, "fields": {"name": "Can delete sector", "content_type": 14, "codename": "delete_sector"}}, {"model": "auth.permission", "pk": 43, "fields": {"name": "Can add insumo", "content_type": 15, "codename": "add_insumo"}}, {"model": "auth.permission", "pk": 44, "fields": {"name": "Can change insumo", "content_type": 15, "codename": "change_insumo"}}, {"model": "auth.permission", "pk": 45, "fields": {"name": "Can delete insumo", "content_type": 15, "codename": "delete_insumo"}}, {"model": "auth.permission", "pk": 46, "fields": {"name": "Can add turno", "content_type": 16, "codename": "add_turno"}}, {"model": "auth.permission", "pk": 47, "fields": {"name": "Can change turno", "content_type": 16, "codename": "change_turno"}}, {"model": "auth.permission", "pk": 48, "fields": {"name": "Can delete turno", "content_type": 16, "codename": "delete_turno"}}, {"model": "auth.permission", "pk": 49, "fields": {"name": "Can add turno fijo", "content_type": 17, "codename": "add_turnofijo"}}, {"model": "auth.permission", "pk": 50, "fields": {"name": "Can change turno fijo", "content_type": 17, "codename": "change_turnofijo"}}, {"model": "auth.permission", "pk": 51, "fields": {"name": "Can delete turno fijo", "content_type": 17, "codename": "delete_turnofijo"}}, {"model": "personas.usuario", "pk": 2, "fields": {"password": "pbkdf2_sha256$30000$QAqqVLtykOOI$8LRhjbaL2/Y7MOoiFoJvjpaw5rvfmpiKuWydqEZ4998=", "last_login": "2017-12-18T18:26:47.549", "is_superuser": false, "username": "tania", "first_name": "", "last_name": "", "email": "", "is_staff": false, "is_active": true, "date_joined": "2017-12-18T18:12:00.038", "groups": [], "user_permissions": []}}, {"model": "personas.usuario", "pk": 3, "fields": {"password": "pbkdf2_sha256$30000$QAqqVLtykOOI$8LRhjbaL2/Y7MOoiFoJvjpaw5rvfmpiKuWydqEZ4998=", "last_login": null, "is_superuser": false, "username": "german", "first_name": "", "last_name": "", "email": "", "is_staff": false, "is_active": true, "date_joined": "2017-12-18T18:12:00.038", "groups": [], "user_permissions": []}}, {"model": "personas.usuario", "pk": 4, "fields": {"password": "pbkdf2_sha256$30000$QAqqVLtykOOI$8LRhjbaL2/Y7MOoiFoJvjpaw5rvfmpiKuWydqEZ4998=", "last_login": null, "is_superuser": false, "username": "matias", "first_name": "", "last_name": "", "email": "", "is_staff": false, "is_active": true, "date_joined": "2017-12-18T18:12:00.038", "groups": [], "user_permissions": []}}, {"model": "personas.usuario", "pk": 5, "fields": {"password": "pbkdf2_sha256$30000$QAqqVLtykOOI$8LRhjbaL2/Y7MOoiFoJvjpaw5rvfmpiKuWydqEZ4998=", "last_login": null, "is_superuser": false, "username": "diego", "first_name": "", "last_name": "", "email": "", "is_staff": false, "is_active": true, "date_joined": "2017-12-18T18:12:00.038", "groups": [], "user_permissions": []}}, {"model": "personas.usuario", "pk": 6, "fields": {"password": "pbkdf2_sha256$30000$QAqqVLtykOOI$8LRhjbaL2/Y7MOoiFoJvjpaw5rvfmpiKuWydqEZ4998=", "last_login": null, "is_superuser": false, "username": "marta", "first_name": "", "last_name": "", "email": "", "is_staff": false, "is_active": true, "date_joined": "2017-12-18T18:12:00.038", "groups": [], "user_permissions": []}}, {"model": "personas.usuario", "pk": 7, "fields": {"password": "pbkdf2_sha256$30000$QAqqVLtykOOI$8LRhjbaL2/Y7MOoiFoJvjpaw5rvfmpiKuWydqEZ4998=", "last_login": null, "is_superuser": false, "username": "ian", "first_name": "", "last_name": "", "email": "", "is_staff": false, "is_active": true, "date_joined": "2017-12-18T18:12:00.038", "groups": [], "user_permissions": []}}, {"model": "personas.usuario", "pk": 8, "fields": {"password": "pbkdf2_sha256$30000$QAqqVLtykOOI$8LRhjbaL2/Y7MOoiFoJvjpaw5rvfmpiKuWydqEZ4998=", "last_login": null, "is_superuser": false, "username": "maximiliano", "first_name": "", "last_name": "", "email": "", "is_staff": false, "is_active": true, "date_joined": "2017-12-18T18:12:00.038", "groups": [], "user_permissions": []}}, {"model": "personas.usuario", "pk": 9, "fields": {"password": "pbkdf2_sha256$30000$QAqqVLtykOOI$8LRhjbaL2/Y7MOoiFoJvjpaw5rvfmpiKuWydqEZ4998=", "last_login": null, "is_superuser": false, "username": "emiliano", "first_name": "", "last_name": "", "email": "", "is_staff": false, "is_active": true, "date_joined": "2017-12-18T18:12:00.038", "groups": [], "user_permissions": []}}, {"model": "personas.usuario", "pk": 10, "fields": {"password": "pbkdf2_sha256$30000$Zrkzmwfagpis$fNPLARSYKdL7lFJuyBBohXjCl78eFArhZXhiUoiuLVQ=", "last_login": null, "is_superuser": true, "username": "catta", "first_name": "", "last_name": "", "email": "", "is_staff": true, "is_active": true, "date_joined": "2017-12-18T18:33:05.894", "groups": [], "user_permissions": []}}, {"model": "personas.persona", "pk": 1, "fields": {"nombre": "Tania", "apellido": "Aranda", "direccion": "Calle 1", "telefono": 28041, "localidad": "Rawson", "cliente": null, "empleado": 1, "duenia": 1, "usuario": 2}}, {"model": "personas.persona", "pk": 2, "fields": {"nombre": "German", "apellido": "Bianchini", "direccion": "Calle 2", "telefono": 28042, "localidad": "Trelew", "cliente": null, "empleado": 2, "duenia": null, "usuario": 3}}, {"model": "personas.persona", "pk": 3, "fields": {"nombre": "Matias", "apellido": "Acosta", "direccion": "Calle 3", "telefono": 28043, "localidad": "Trelew", "cliente": 1, "empleado": 3, "duenia": null, "usuario": 4}}, {"model": "personas.persona", "pk": 4, "fields": {"nombre": "Diego", "apellido": "Van Haaster", "direccion": "Calle 4", "telefono": 28044, "localidad": "Trelew", "cliente": 2, "empleado": null, "duenia": null, "usuario": 5}}, {"model": "personas.persona", "pk": 5, "fields": {"nombre": "Marta", "apellido": "Saenz", "direccion": "Calle 5", "telefono": 28045, "localidad": "Trelew", "cliente": 3, "empleado": null, "duenia": null, "usuario": 6}}, {"model": "personas.persona", "pk": 6, "fields": {"nombre": "Ian", "apellido": "Mazzaglia", "direccion": "Calle 6", "telefono": 28046, "localidad": "Trelew", "cliente": 4, "empleado": null, "duenia": null, "usuario": 7}}, {"model": "personas.persona", "pk": 7, "fields": {"nombre": "Maximiliano", "apellido": "Aguila", "direccion": "Calle 7", "telefono": 28047, "localidad": "Gaiman", "cliente": 5, "empleado": null, "duenia": null, "usuario": 8}}, {"model": "personas.persona", "pk": 8, "fields": {"nombre": "Emiliano", "apellido": "De Marco", "direccion": "Calle 8", "telefono": 28048, "localidad": "Trelew", "cliente": 6, "empleado": null, "duenia": null, "usuario": 9}}]